<?xml version="1.0" encoding="UTF-8"?>
<!DOCTYPE plist PUBLIC "-//Apple//DTD PLIST 1.0//EN" "http://www.apple.com/DTDs/PropertyList-1.0.dtd">
<plist version="1.0">
<dict>
	<key>files</key>
	<dict>
		<key>Headers/Sample_Framework-Swift.h</key>
		<data>
		q6jwQIXZI9f6cBYUJt1VQoBKx4Q=
		</data>
		<key>Headers/Sample_Framework.h</key>
		<data>
		YwY9Ga1pbEqCintHLkHF5HCjiiE=
		</data>
		<key>Info.plist</key>
		<data>
		9Kp5jr63WZyioFjd1q5eKQFckms=
		</data>
		<key>Modules/Sample_Framework.swiftmodule/Project/x86_64-apple-ios-simulator.swiftsourceinfo</key>
		<data>
		d/Wz7KD/ejwW3O0A1+RvSveis9o=
		</data>
		<key>Modules/Sample_Framework.swiftmodule/x86_64-apple-ios-simulator.abi.json</key>
		<data>
		FSPnLbho3G+LL9smI3XgVOqBIQ4=
		</data>
		<key>Modules/Sample_Framework.swiftmodule/x86_64-apple-ios-simulator.swiftdoc</key>
		<data>
		vJhAl1HyQMDW2Y+NO8tRs1NfjoQ=
		</data>
		<key>Modules/Sample_Framework.swiftmodule/x86_64-apple-ios-simulator.swiftmodule</key>
		<data>
		SxYsKAv3iPpI9yilMryLebxNOps=
		</data>
		<key>Modules/module.modulemap</key>
		<data>
		CJCUnAcWY3f8icYhGQbit0nWC/4=
		</data>
	</dict>
	<key>files2</key>
	<dict>
		<key>Headers/Sample_Framework-Swift.h</key>
		<dict>
			<key>hash2</key>
			<data>
			lLeY4wfd41oJjCSWf8SW7imya0oWvYk9/LBI3Ckqs2Y=
			</data>
		</dict>
		<key>Headers/Sample_Framework.h</key>
		<dict>
			<key>hash2</key>
			<data>
			FrCl61oP6YbFbv/FPjQoxwxTkFThp8B4beoHJGtqv7Q=
			</data>
		</dict>
		<key>Modules/Sample_Framework.swiftmodule/Project/x86_64-apple-ios-simulator.swiftsourceinfo</key>
		<dict>
			<key>hash2</key>
			<data>
			ySMPHpzCfw/v3o8hZeDHbOVZQ1fiIjNPqomAy5//CQc=
			</data>
		</dict>
		<key>Modules/Sample_Framework.swiftmodule/x86_64-apple-ios-simulator.abi.json</key>
		<dict>
			<key>hash2</key>
			<data>
			KnRdWE4y6t4QM5zi5JDptPdHFgJy1Tku+7GLkZS2aNM=
			</data>
		</dict>
		<key>Modules/Sample_Framework.swiftmodule/x86_64-apple-ios-simulator.swiftdoc</key>
		<dict>
			<key>hash2</key>
			<data>
			+YrWnZdfv4ouul5QWzJTGzdRXWS/H7kgpJ3+V7NdY2E=
			</data>
		</dict>
		<key>Modules/Sample_Framework.swiftmodule/x86_64-apple-ios-simulator.swiftmodule</key>
		<dict>
			<key>hash2</key>
			<data>
			Z7+8B2rJyAAgg2s4nidYsKo49Fc+A/LtUynGKsmwto0=
			</data>
		</dict>
		<key>Modules/module.modulemap</key>
		<dict>
			<key>hash2</key>
			<data>
			SClRhotAoQmn3CAGBNxXATG7XXSaAiaGLDZvf1qBFF4=
			</data>
		</dict>
	</dict>
	<key>rules</key>
	<dict>
		<key>^.*</key>
		<true/>
		<key>^.*\.lproj/</key>
		<dict>
			<key>optional</key>
			<true/>
			<key>weight</key>
			<real>1000</real>
		</dict>
		<key>^.*\.lproj/locversion.plist$</key>
		<dict>
			<key>omit</key>
			<true/>
			<key>weight</key>
			<real>1100</real>
		</dict>
		<key>^Base\.lproj/</key>
		<dict>
			<key>weight</key>
			<real>1010</real>
		</dict>
		<key>^version.plist$</key>
		<true/>
	</dict>
	<key>rules2</key>
	<dict>
		<key>.*\.dSYM($|/)</key>
		<dict>
			<key>weight</key>
			<real>11</real>
		</dict>
		<key>^(.*/)?\.DS_Store$</key>
		<dict>
			<key>omit</key>
			<true/>
			<key>weight</key>
			<real>2000</real>
		</dict>
		<key>^.*</key>
		<true/>
		<key>^.*\.lproj/</key>
		<dict>
			<key>optional</key>
			<true/>
			<key>weight</key>
			<real>1000</real>
		</dict>
		<key>^.*\.lproj/locversion.plist$</key>
		<dict>
			<key>omit</key>
			<true/>
			<key>weight</key>
			<real>1100</real>
		</dict>
		<key>^Base\.lproj/</key>
		<dict>
			<key>weight</key>
			<real>1010</real>
		</dict>
		<key>^Info\.plist$</key>
		<dict>
			<key>omit</key>
			<true/>
			<key>weight</key>
			<real>20</real>
		</dict>
		<key>^PkgInfo$</key>
		<dict>
			<key>omit</key>
			<true/>
			<key>weight</key>
			<real>20</real>
		</dict>
		<key>^embedded\.provisionprofile$</key>
		<dict>
			<key>weight</key>
			<real>20</real>
		</dict>
		<key>^version\.plist$</key>
		<dict>
			<key>weight</key>
			<real>20</real>
		</dict>
	</dict>
</dict>
</plist>
